<?xml version="1.0" encoding="UTF-8"?>
<!DOCTYPE cinema SYSTEM "cinema.dtd">
<cinema>
    <movies>
        <movie>
            <title>Les Brigades du Tigre</title>
            <type>Thriller</type>
            <duration>
                <hours>2</hours>
                <minutes>15</minutes>
            </duration>
            <producer>
                <surname>Jérôme</surname>
                <name>Cornuau</name>
            </producer>
            <language>French</language>
            <year>2005</year>
            <synopsis>About the adventures of commissar Valentin and inspectors Terrasson and Pujol,
                members of the Brigades mobiles, special squad of the French police before the
                first world war..</synopsis>
            <grades>
                <press>3/5</press>
                <spectators>4/5</spectators>
            </grades>
            <actors>
                <actor>
                    <surname>Clovis</surname>
                    <name>Cornillac</name>
                </actor>
                <actor>
                    <surname>Diane</surname>
                    <name>Kruger</name>
                </actor>
                <actor>
                    <surname>Edouard</surname>
                    <name>Baer</name>
                </actor>
            </actors>
            <timetable>
                <projections>
                    <days>
                        <day>Wednesday</day>
                        <day>Saturday</day>
                    </days>
                    <projection>
                        <hours>14</hours>
                        <minutes>00</minutes>
                    </projection>
                    <projection>
                        <hours>16</hours>
                        <minutes>40</minutes>
                    </projection>
                    <projection>
                        <hours>19</hours>
                        <minutes>40</minutes>
                    </projection>
                    <projection>
                        <hours>22</hours>
                        <minutes>10</minutes>
                    </projection>
                </projections>
                <projections>
                    <days>
                        <day>Tuesday</day>
                        <day>Friday</day>
                        <day>Monday</day>
                        <day>Thursday</day>
                    </days>
                    <projection>
                        <hours>14</hours>
                        <minutes>00</minutes>
                    </projection>
                    <projection>
                        <hours>19</hours>
                        <minutes>40</minutes>
                    </projection>
                    <projection>
                        <hours>22</hours>
                        <minutes>10</minutes>
                    </projection>
                </projections>
                <projections>
                    <days>
                        <day>Sunday</day>
                    </days>
                    <projection>
                        <hours>10</hours>
                        <minutes>20</minutes>
                    </projection>
                    <projection>
                        <hours>14</hours>
                        <minutes>00</minutes>
                    </projection>
                    <projection>
                        <hours>16</hours>
                        <minutes>40</minutes>
                    </projection>
                    <projection>
                        <hours>20</hours>
                        <minutes>20</minutes>
                    </projection>
                </projections>
            </timetable>
        </movie>
        <movie>
            <title>Astérix &amp; Obélix: Mission Cléopâtre</title>
            <type>Comedy</type>
            <duration>
                <hours>1</hours>
                <minutes>47</minutes>
            </duration>
            <producer>
                <surname>Alain</surname>
                <name>Chabat</name>
            </producer>
            <language>French</language>
            <year>2002</year>
            <synopsis>Infuriated by belittlements, Queen Cleopatra makes a deal with Julius Caesar:
                if the Egyptians build a palace larger than Caesar's palace in Rome in three months,
                he must acknowledge that Egypt was the greatest of nations. To perform this task,
                Cleopatra hires the architect Numerobis, on pain of death and much to the dismay of Pyradonis,
                Cleopatra's customary architect. He and his secretary Papyris discuss the druid Getafix
                (Panoramix in the original French), whose potion empowers its drinkers;
                and Numerobis goes in search of him.</synopsis>
            <grades>
                <press>4/5</press>
                <spectators>5/5</spectators>
            </grades>
            <actors>
                <actor>
                    <surname>Clovis</surname>
                    <name>Cornillac</name>
                </actor>
                <actor>
                    <surname>Alain</surname>
                    <name>Chabat</name>
                </actor>
                <actor>
                    <surname>Jamel</surname>
                    <name>Debbouze</name>
                </actor>
            </actors>
            <timetable>
                <projections>
                    <days>
                        <day>Wednesday</day>
                        <day>Saturday</day>
                    </days>
                    <projection>
                        <hours>14</hours>
                        <minutes>00</minutes>
                    </projection>
                    <projection>
                        <hours>16</hours>
                        <minutes>40</minutes>
                    </projection>
                    <projection>
                        <hours>19</hours>
                        <minutes>40</minutes>
                    </projection>
                    <projection>
                        <hours>22</hours>
                        <minutes>10</minutes>
                    </projection>
                </projections>
                <projections>
                    <days>
                        <day>Tuesday</day>
                        <day>Friday</day>
                        <day>Monday</day>
                        <day>Thursday</day>
                    </days>
                    <projection>
                        <hours>14</hours>
                        <minutes>00</minutes>
                    </projection>
                    <projection>
                        <hours>19</hours>
                        <minutes>40</minutes>
                    </projection>
                    <projection>
                        <hours>22</hours>
                        <minutes>10</minutes>
                    </projection>
                </projections>
                <projections>
                    <days>
                        <day>Sunday</day>
                    </days>
                    <projection>
                        <hours>10</hours>
                        <minutes>20</minutes>
                    </projection>
                    <projection>
                        <hours>14</hours>
                        <minutes>00</minutes>
                    </projection>
                    <projection>
                        <hours>16</hours>
                        <minutes>40</minutes>
                    </projection>
                    <projection>
                        <hours>20</hours>
                        <minutes>20</minutes>
                    </projection>
                </projections>
            </timetable>
        </movie>
        <movie>
            <title>Serial (Bad) Weddings</title>
            <type>Comedy</type>
            <duration>
                <hours>1</hours>
                <minutes>37</minutes>
            </duration>
            <producer>
                <surname>Romain</surname>
                <name>Rojtman</name>
            </producer>
            <language>French</language>
            <year>2014</year>
            <synopsis>Claude Verneuil, a Gaullist notary, and his wife Marie, a Catholic bourgeois from Chinon,
                are parents of four daughters: Isabelle, Odile, Ségolène, and Laure. The three eldest are already
                married to men, each one of a different religion and a different ethnic origin: Isabelle married
                Rashid Ben Assem, an Algerian Muslim lawyer, Odile married David Benichou, a Sephardi Jew entrepreneur,
                and Ségolène married Chao Ling, a Han Chinese banker. The Verneuils pretend to accept their
                sons-in-law but have had a hard time hiding their discomfort at accepting people into the family
                from outside the community. A family meeting is spoiled because of the awkwardness and clichés
                about race and religion, expressed as much by the father as by the sons-in-law who even exchange
                insulting communitarian views to and about each other.</synopsis>
            <grades>
                <press>4/5</press>
                <spectators>5/5</spectators>
            </grades>
            <actors>
                <actor>
                    <surname>Christian</surname>
                    <name>Clavier</name>
                </actor>
                <actor>
                    <surname>Chantal</surname>
                    <name>Lauby</name>
                </actor>
            </actors>
            <timetable>
                <projections>
                    <days>
                        <day>Wednesday</day>
                        <day>Saturday</day>
                    </days>
                    <projection>
                        <hours>14</hours>
                        <minutes>00</minutes>
                    </projection>
                    <projection>
                        <hours>16</hours>
                        <minutes>40</minutes>
                    </projection>
                    <projection>
                        <hours>19</hours>
                        <minutes>40</minutes>
                    </projection>
                    <projection>
                        <hours>22</hours>
                        <minutes>10</minutes>
                    </projection>
                </projections>
                <projections>
                    <days>
                        <day>Tuesday</day>
                        <day>Friday</day>
                        <day>Monday</day>
                        <day>Thursday</day>
                    </days>
                    <projection>
                        <hours>14</hours>
                        <minutes>00</minutes>
                    </projection>
                    <projection>
                        <hours>19</hours>
                        <minutes>40</minutes>
                    </projection>
                    <projection>
                        <hours>22</hours>
                        <minutes>10</minutes>
                    </projection>
                </projections>
                <projections>
                    <days>
                        <day>Sunday</day>
                    </days>
                    <projection>
                        <hours>10</hours>
                        <minutes>20</minutes>
                    </projection>
                    <projection>
                        <hours>14</hours>
                        <minutes>00</minutes>
                    </projection>
                    <projection>
                        <hours>16</hours>
                        <minutes>40</minutes>
                    </projection>
                    <projection>
                        <hours>20</hours>
                        <minutes>20</minutes>
                    </projection>
                </projections>
            </timetable>
        </movie>
        <movie>
            <title>La Soupe aux choux</title>
            <type>Comedy</type>
            <duration>
                <hours>1</hours>
                <minutes>38</minutes>
            </duration>
            <producer>
                <surname>Christian</surname>
                <name>Fechner</name>
            </producer>
            <language>French</language>
            <year>1981</year>
            <synopsis>Claude Ratinier (Louis de Funès), known as Le Glaude, is an old man who lives on a small farm
                across the road from his long-time friend Francis Chérasse (Jean Carmet), known as Le Bombé.
                The two are described as the last surviving members of their breed, still living in a rural fashion
                while the rest of the world has modernized. They spend their days getting drunk and eating cabbage soup,
                while they spend their nights getting drunk and farting.</synopsis>
            <grades>
                <press>2/5</press>
                <spectators>4/5</spectators>
            </grades>
            <actors>
                <actor>
                    <surname>Louis</surname>
                    <name>de Funès</name>
                </actor>
                <actor>
                    <surname>Jacques</surname>
                    <name>Villeret</name>
                </actor>
            </actors>
            <timetable>
                <projections>
                    <days>
                        <day>Wednesday</day>
                        <day>Saturday</day>
                    </days>
                    <projection>
                        <hours>14</hours>
                        <minutes>00</minutes>
                    </projection>
                    <projection>
                        <hours>16</hours>
                        <minutes>40</minutes>
                    </projection>
                    <projection>
                        <hours>19</hours>
                        <minutes>40</minutes>
                    </projection>
                    <projection>
                        <hours>22</hours>
                        <minutes>10</minutes>
                    </projection>
                </projections>
                <projections>
                    <days>
                        <day>Tuesday</day>
                        <day>Friday</day>
                        <day>Monday</day>
                        <day>Thursday</day>
                    </days>
                    <projection>
                        <hours>14</hours>
                        <minutes>00</minutes>
                    </projection>
                    <projection>
                        <hours>19</hours>
                        <minutes>40</minutes>
                    </projection>
                    <projection>
                        <hours>22</hours>
                        <minutes>10</minutes>
                    </projection>
                </projections>
                <projections>
                    <days>
                        <day>Sunday</day>
                    </days>
                    <projection>
                        <hours>10</hours>
                        <minutes>20</minutes>
                    </projection>
                    <projection>
                        <hours>14</hours>
                        <minutes>00</minutes>
                    </projection>
                    <projection>
                        <hours>16</hours>
                        <minutes>40</minutes>
                    </projection>
                    <projection>
                        <hours>20</hours>
                        <minutes>20</minutes>
                    </projection>
                </projections>
            </timetable>
        </movie>
    </movies>
</cinema>