<?xml version="1.0" encoding="UTF-8"?>
<address_book xmlns:xsi="http://www.w3.org/2001/XMLSchema-instance"
              xsi:noNamespaceSchemaLocation="addressbook.xsd">
    <contacts>
        <contact type="person">
            <name>Beaujean</name>
            <surname>Fabien</surname>
            <phones>
                <phone type="mobile">
                    <number>069282882</number>
                </phone>
                <phone type="fax">
                    <number>01383929</number>
                </phone>
            </phones>
            <addresses>
                <address>
                    <street_number>3</street_number>
                    <street_name>Rue de la Joie</street_name>
                    <city>Paris</city>
                    <zip>75016</zip>
                    <country>France</country>
                </address>
            </addresses>
        </contact>
    </contacts>
</address_book>